Time, Bridge OP, Shunt Voltage, Supplied Voltage, Calibration State
12:00:19.615,1.395724,1.395188,0.000000,Delay
12:00:19.625,1.395724,1.387526,0.000000,Delay
12:00:19.635,1.395724,1.397742,0.000000,Delay
12:00:19.645,1.400833,1.392634,0.000000,Delay
12:00:19.655,1.395724,1.390080,0.000000,Delay
12:00:19.665,1.388060,1.395188,0.000000,Delay
12:00:19.675,1.395724,1.400296,0.000000,Delay
12:00:19.685,1.393169,1.387526,0.000000,Delay
12:00:19.695,1.395724,1.395188,0.000000,Delay
12:00:19.705,1.395724,1.390080,0.000000,Delay
12:00:19.715,1.388060,1.387526,0.000000,Delay
12:00:19.725,1.400833,1.400296,0.000000,Delay
12:00:19.735,1.395724,1.395188,0.000000,Delay
12:00:19.745,1.395724,1.384972,0.000000,Delay
12:00:19.755,1.395724,1.400296,0.000000,Delay
12:00:19.765,1.400833,1.392634,0.000000,Delay
12:00:19.775,1.388060,1.395188,0.000000,Delay
12:00:19.785,1.400833,1.400296,0.000000,Delay
12:00:19.795,1.388060,1.395188,0.000000,Delay
12:00:19.805,1.388060,1.392634,0.000000,Delay
12:00:19.815,1.393169,1.392634,0.000000,Delay
12:00:19.825,1.388060,1.387526,0.000000,Delay
12:00:19.835,1.388060,1.395188,0.000000,Delay
12:00:19.845,1.395724,1.390080,0.000000,Delay
12:00:19.855,1.395724,1.402850,0.000000,Delay
12:00:19.865,1.400833,1.397742,0.000000,Delay
12:00:19.875,1.400833,1.387526,0.000000,Delay
12:00:19.885,1.393169,1.395188,0.000000,Delay
12:00:19.895,1.395724,1.395188,0.000000,Delay
12:00:19.905,1.400833,1.397742,0.000000,Delay
12:00:19.915,1.388060,1.390080,0.000000,Delay
12:00:19.925,1.395724,1.390080,0.000000,Delay
12:00:19.935,1.390615,1.390080,0.000000,Delay
12:00:19.945,1.395724,1.395188,0.000000,Delay
12:00:19.955,1.400833,1.400296,0.000000,Delay
12:00:19.965,1.393169,1.395188,0.000000,Delay
12:00:19.975,1.400833,1.400296,0.000000,Delay
12:00:19.985,1.400833,1.392634,0.000000,Delay
12:00:19.995,1.388060,1.390080,0.000000,Delay
12:00:20.005,1.400833,1.400296,0.000000,Delay
12:00:20.015,1.395724,1.395188,0.000000,Delay
12:00:20.025,1.393169,1.392634,0.000000,Delay
12:00:20.035,1.388060,1.390080,0.000000,Delay
12:00:20.045,1.390615,1.400296,0.000000,Delay
12:00:20.055,1.400833,1.402850,0.000000,Delay
12:00:20.065,1.395724,1.392634,0.000000,Delay
12:00:20.075,1.395724,1.395188,0.000000,Delay
12:00:20.085,1.400833,1.397742,0.000000,Delay
12:00:20.095,1.395724,1.395188,0.000000,Delay
12:00:20.105,1.390615,1.387526,0.000000,Delay
12:00:20.115,1.400833,1.400296,0.000000,Delay
12:00:20.125,1.395724,1.395188,0.000000,Delay
12:00:20.135,1.388060,1.387526,0.000000,Delay
12:00:20.145,1.388060,1.395188,0.000000,Delay
12:00:20.155,1.395724,1.402850,0.000000,Delay
12:00:20.165,1.400833,1.392634,0.000000,Delay
12:00:20.175,1.390615,1.387526,0.000000,Delay
12:00:20.185,1.390615,1.392634,0.000000,Delay
12:00:20.195,1.395724,1.400296,0.000000,Delay
12:00:20.205,1.393169,1.392634,0.000000,Delay
12:00:20.215,1.395724,1.395188,0.000000,Delay
12:00:20.225,1.400833,1.400296,0.000000,Delay
12:00:20.235,1.400833,1.400296,0.000000,Delay
12:00:20.245,1.400833,1.387526,0.000000,Delay
12:00:20.255,1.388060,1.390080,0.000000,Delay
12:00:20.265,1.400833,1.400296,0.000000,Delay
12:00:20.275,1.393169,1.387526,0.000000,Delay
12:00:20.285,1.395724,1.395188,0.000000,Delay
12:00:20.295,1.388060,1.387526,0.000000,Delay
12:00:20.305,1.393169,1.392634,0.000000,Delay
12:00:20.315,1.395724,1.397742,0.000000,Delay
12:00:20.325,1.400833,1.392634,0.000000,Delay
12:00:20.335,1.400833,1.395188,0.000000,Delay
12:00:20.345,1.393169,1.387526,0.000000,Delay
12:00:20.355,1.388060,1.387526,0.000000,Delay
12:00:20.365,1.393169,1.400296,0.000000,Delay
12:00:20.375,1.400833,1.395188,0.000000,Delay
12:00:20.385,1.400833,1.387526,0.000000,Delay
12:00:20.395,1.388060,1.395188,0.000000,Delay
12:00:20.405,1.403387,1.392634,0.000000,Delay
12:00:20.415,1.395724,1.390080,0.000000,Delay
12:00:20.425,1.395724,1.395188,0.000000,Delay
12:00:20.435,1.393169,1.390080,0.000000,Delay
12:00:20.445,1.398278,1.400296,0.000000,Delay
12:00:20.455,1.388060,1.395188,0.000000,Delay
12:00:20.465,1.398278,1.395188,0.000000,Delay
12:00:20.475,1.393169,1.387526,0.000000,Delay
12:00:20.485,1.390615,1.390080,0.000000,Delay
12:00:20.495,1.393169,1.392634,0.000000,Delay
12:00:20.505,1.393169,1.400296,0.000000,Delay
12:00:20.515,1.395724,1.387526,0.000000,Delay
12:00:20.525,1.390615,1.395188,0.000000,Delay
12:00:20.535,1.398278,1.395188,0.000000,Delay
12:00:20.545,1.400833,1.387526,0.000000,Delay
12:00:20.555,1.390615,1.395188,0.000000,Delay
12:00:20.565,1.393169,1.397742,0.000000,Delay
12:00:20.575,1.395724,1.395188,0.000000,Delay
12:00:20.585,1.400833,1.400296,0.000000,Delay
12:00:20.595,1.390615,1.395188,0.000000,Delay
12:00:20.605,1.395724,1.392634,0.000000,Delay
12:00:20.615,1.395724,1.395188,0.000000,Delay
12:00:20.625,1.400833,1.392634,0.000000,Delay
12:00:20.635,1.393169,1.387526,0.000000,Delay
12:00:20.645,1.395724,1.390080,0.000000,Delay
12:00:20.655,1.390615,1.390080,0.000000,Delay
12:00:20.665,1.385506,1.397742,0.000000,Delay
12:00:20.675,1.395724,1.395188,0.000000,Delay
12:00:20.685,1.400833,1.400296,0.000000,Delay
12:00:20.695,1.393169,1.395188,0.000000,Delay
12:00:20.705,1.388060,1.395188,0.000000,Delay
12:00:20.715,1.395724,1.392634,0.000000,Delay
12:00:20.725,1.395724,1.392634,0.000000,Delay
12:00:20.735,1.393169,1.392634,0.000000,Delay
12:00:20.745,1.400833,1.392634,0.000000,Delay
12:00:20.755,1.390615,1.395188,0.000000,Delay
12:00:20.765,1.400833,1.395188,0.000000,Delay
12:00:20.775,1.390615,1.395188,0.000000,Delay
12:00:20.785,1.390615,1.392634,0.000000,Delay
12:00:20.795,1.395724,1.400296,0.000000,Delay
12:00:20.805,1.393169,1.387526,0.000000,Delay
12:00:20.815,1.388060,1.395188,0.000000,Delay
12:00:20.825,1.395724,1.387526,0.000000,Delay
12:00:20.835,1.400833,1.392634,0.000000,Delay
12:00:20.845,1.395724,1.400296,0.000000,Delay
12:00:20.855,1.388060,1.395188,0.000000,Delay
12:00:20.865,1.395724,1.387526,0.000000,Delay
12:00:20.875,1.398278,1.400296,0.000000,Delay
12:00:20.885,1.390615,1.392634,0.000000,Delay
12:00:20.895,1.388060,1.387526,0.000000,Delay
12:00:20.905,1.400833,1.400296,0.000000,Delay
12:00:20.915,1.388060,1.387526,0.000000,Delay
12:00:20.925,1.395724,1.400296,0.000000,Delay
12:00:20.935,1.400833,1.395188,0.000000,Delay
12:00:20.945,1.395724,1.392634,0.000000,Delay
12:00:20.955,1.395724,1.395188,0.000000,Delay
12:00:20.965,1.393169,1.392634,0.000000,Delay
12:00:20.975,1.395724,1.395188,0.000000,Delay
12:00:20.985,1.393169,1.387526,0.000000,Delay
12:00:20.995,1.400833,1.395188,0.000000,Delay
12:00:21.005,1.388060,1.395188,0.000000,Delay
12:00:21.015,1.395724,1.392634,0.000000,Delay
12:00:21.025,1.393169,1.397742,0.000000,Delay
12:00:21.035,1.395724,1.390080,0.000000,Delay
12:00:21.045,1.388060,1.392634,0.000000,Delay
12:00:21.055,1.400833,1.395188,0.000000,Delay
12:00:21.065,1.390615,1.387526,0.000000,Delay
12:00:21.075,1.393169,1.395188,0.000000,Delay
12:00:21.085,1.395724,1.400296,0.000000,Delay
12:00:21.095,1.395724,1.392634,0.000000,Delay
12:00:21.105,1.390615,1.395188,0.000000,Delay
12:00:21.115,1.400833,1.400296,0.000000,Delay
12:00:21.125,1.393169,1.395188,0.000000,Delay
12:00:21.135,1.395724,1.390080,0.000000,Delay
12:00:21.145,1.395724,1.400296,0.000000,Delay
12:00:21.155,1.395724,1.390080,0.000000,Delay
12:00:21.165,1.395724,1.400296,0.000000,Delay
12:00:21.175,1.395724,1.395188,0.000000,Delay
12:00:21.185,1.393169,1.387526,0.000000,Delay
12:00:21.195,1.395724,1.395188,0.000000,Delay
12:00:21.205,1.390615,1.392634,0.000000,Delay
12:00:21.215,1.390615,1.400296,0.000000,Delay
12:00:21.225,1.395724,1.387526,0.000000,Delay
12:00:21.235,1.395724,1.400296,0.000000,Delay
12:00:21.245,1.390615,1.387526,0.000000,Delay
12:00:21.255,1.400833,1.392634,0.000000,Delay
12:00:21.265,1.390615,1.392634,0.000000,Delay
12:00:21.275,1.395724,1.400296,0.000000,Delay
12:00:21.285,1.388060,1.387526,0.000000,Delay
12:00:21.295,1.395724,1.397742,0.000000,Delay
12:00:21.305,1.393169,1.395188,0.000000,Delay
12:00:21.315,1.400833,1.392634,0.000000,Delay
12:00:21.325,1.390615,1.395188,0.000000,Delay
12:00:21.335,1.400833,1.397742,0.000000,Delay
12:00:21.345,1.388060,1.392634,0.000000,Delay
12:00:21.355,1.395724,1.387526,0.000000,Delay
12:00:21.365,1.393169,1.392634,0.000000,Delay
12:00:21.375,1.395724,1.392634,0.000000,Delay
12:00:21.385,1.390615,1.387526,0.000000,Delay
12:00:21.395,1.395724,1.395188,0.000000,Delay
12:00:21.405,1.400833,1.395188,0.000000,Delay
12:00:21.415,1.395724,1.390080,0.000000,Delay
12:00:21.425,1.395724,1.392634,0.000000,Delay
12:00:21.435,1.393169,1.400296,0.000000,Delay
12:00:21.445,1.400833,1.395188,0.000000,Delay
12:00:21.455,1.393169,1.387526,0.000000,Delay
12:00:21.465,1.400833,1.392634,0.000000,Delay
12:00:21.475,1.388060,1.387526,0.000000,Delay
12:00:21.485,1.395724,1.395188,0.000000,Delay
12:00:21.495,1.400833,1.395188,0.000000,Delay
12:00:21.505,1.393169,1.392634,0.000000,Delay
12:00:21.515,1.388060,1.387526,0.000000,Delay
12:00:21.525,1.393169,1.395188,0.000000,Delay
12:00:21.535,1.400833,1.400296,0.000000,Delay
12:00:21.545,1.400833,1.400296,0.000000,Delay
12:00:21.555,1.395724,1.387526,0.000000,Delay
12:00:21.565,1.395724,1.395188,0.000000,Delay
12:00:21.575,1.393169,1.395188,0.000000,Delay
12:00:21.585,1.388060,1.390080,0.000000,Delay
12:00:21.595,1.395724,1.395188,0.000000,Delay
12:00:21.605,1.400833,1.397742,0.000000,Delay
12:00:21.615,1.395724,1.395188,2.807692,Voltage
12:00:21.625,1.388060,1.395188,2.807692,Voltage
12:00:21.635,1.395724,1.400296,2.807692,Voltage
12:00:21.645,1.390615,1.390080,2.807692,Voltage
12:00:21.655,1.395724,1.395188,2.807692,Voltage
12:00:21.665,1.400833,1.395188,2.807692,Voltage
12:00:21.675,1.390615,1.395188,2.807692,Voltage
12:00:21.685,1.400833,1.392634,2.807692,Voltage
12:00:21.695,1.395724,1.387526,2.807692,Voltage
12:00:21.705,1.388060,1.387526,2.807692,Voltage
12:00:21.715,1.395724,1.400296,2.807692,Voltage
12:00:21.725,1.390615,1.392634,2.807692,Voltage
12:00:21.735,1.393169,1.387526,2.807692,Voltage
12:00:21.745,1.395724,1.400296,2.807692,Voltage
12:00:21.755,1.400833,1.395188,2.807692,Voltage
12:00:21.765,1.390615,1.387526,2.807692,Voltage
12:00:21.775,1.400833,1.397742,2.807692,Voltage
12:00:21.785,1.390615,1.390080,2.807692,Voltage
12:00:21.795,1.393169,1.392634,2.807692,Voltage
12:00:21.805,1.400833,1.392634,2.807692,Voltage
12:00:21.815,1.390615,1.387526,2.807692,Voltage
12:00:21.825,1.395724,1.402850,2.807692,Voltage
12:00:21.835,1.395724,1.400296,2.807692,Voltage
12:00:21.845,1.395724,1.397742,2.807692,Voltage
12:00:21.855,1.398278,1.392634,2.807692,Voltage
12:00:21.865,1.400833,1.392634,2.807692,Voltage
12:00:21.875,1.393169,1.390080,2.807692,Voltage
12:00:21.885,1.395724,1.395188,2.807692,Voltage
12:00:21.895,1.400833,1.397742,2.807692,Voltage
12:00:21.905,1.393169,1.387526,2.807692,Voltage
12:00:21.915,1.395724,1.400296,2.807692,Voltage
12:00:21.925,1.395724,1.387526,2.807692,Voltage
12:00:21.935,1.388060,1.395188,2.807692,Voltage
12:00:21.945,1.400833,1.400296,2.807692,Voltage
12:00:21.955,1.400833,1.395188,2.807692,Voltage
12:00:21.965,1.395724,1.387526,2.807692,Voltage
12:00:21.975,1.395724,1.387526,2.807692,Voltage
12:00:21.985,1.385506,1.395188,2.807692,Voltage
12:00:21.995,1.388060,1.395188,2.807692,Voltage
12:00:22.005,1.395724,1.397742,2.807692,Voltage
12:00:22.015,1.400833,1.395188,2.807692,Voltage
12:00:22.025,1.388060,1.395188,2.807692,Voltage
12:00:22.035,1.388060,1.395188,2.807692,Voltage
12:00:22.045,1.390615,1.392634,2.807692,Voltage
12:00:22.055,1.395724,1.400296,2.807692,Voltage
12:00:22.065,1.395724,1.395188,2.807692,Voltage
12:00:22.075,1.395724,1.395188,2.807692,Voltage
12:00:22.085,1.400833,1.400296,2.807692,Voltage
12:00:22.095,1.388060,1.390080,2.807692,Voltage
12:00:22.105,1.395724,1.395188,2.807692,Voltage
12:00:22.115,1.400833,1.400296,2.807692,Voltage
12:00:22.125,1.385506,1.387526,2.807692,Voltage
12:00:22.135,1.395724,1.395188,2.807692,Voltage
12:00:22.145,1.395724,1.400296,2.807692,Voltage
12:00:22.155,1.400833,1.400296,2.807692,Voltage
12:00:22.165,1.388060,1.387526,2.807692,Voltage
12:00:22.175,1.395724,1.395188,2.807692,Voltage
12:00:22.185,1.395724,1.395188,2.807692,Voltage
12:00:22.195,1.393169,1.395188,2.807692,Voltage
12:00:22.205,1.388060,1.387526,2.807692,Voltage
12:00:22.215,1.400833,1.402850,2.807692,Voltage
12:00:22.225,1.395724,1.392634,2.807692,Voltage
12:00:22.235,1.390615,1.390080,2.807692,Voltage
12:00:22.245,1.390615,1.390080,2.807692,Voltage
12:00:22.255,1.393169,1.392634,2.807692,Voltage
12:00:22.265,1.390615,1.387526,2.807692,Voltage
12:00:22.275,1.395724,1.395188,2.807692,Voltage
12:00:22.285,1.400833,1.400296,2.807692,Voltage
12:00:22.295,1.395724,1.390080,2.807692,Voltage
12:00:22.305,1.390615,1.395188,2.807692,Voltage
12:00:22.315,1.395724,1.400296,2.807692,Voltage
12:00:22.325,1.393169,1.397742,2.807692,Voltage
12:00:22.335,1.395724,1.390080,2.807692,Voltage
12:00:22.345,1.388060,1.392634,2.807692,Voltage
12:00:22.355,1.400833,1.402850,2.807692,Voltage
12:00:22.365,1.388060,1.384972,2.807692,Voltage
12:00:22.375,1.393169,1.395188,2.807692,Voltage
12:00:22.385,1.395724,1.392634,2.807692,Voltage
12:00:22.395,1.393169,1.395188,2.807692,Voltage
12:00:22.405,1.395724,1.395188,2.807692,Voltage
12:00:22.415,1.388060,1.395188,2.807692,Voltage
12:00:22.425,1.393169,1.392634,2.807692,Voltage
12:00:22.435,1.393169,1.400296,2.807692,Voltage
12:00:22.445,1.390615,1.390080,2.807692,Voltage
12:00:22.455,1.400833,1.400296,2.807692,Voltage
12:00:22.465,1.388060,1.395188,2.807692,Voltage
12:00:22.475,1.395724,1.390080,2.807692,Voltage
12:00:22.485,1.398278,1.397742,2.807692,Voltage
12:00:22.495,1.390615,1.387526,2.807692,Voltage
12:00:22.505,1.395724,1.395188,2.807692,Voltage
12:00:22.515,1.400833,1.392634,2.807692,Voltage
12:00:22.525,1.388060,1.395188,2.807692,Voltage
12:00:22.535,1.400833,1.400296,2.807692,Voltage
12:00:22.545,1.393169,1.395188,2.807692,Voltage
12:00:22.555,1.395724,1.395188,2.807692,Voltage
12:00:22.565,1.400833,1.397742,2.807692,Voltage
12:00:22.575,1.388060,1.387526,2.807692,Voltage
12:00:22.585,1.398278,1.392634,2.807692,Voltage
12:00:22.595,1.390615,1.395188,2.807692,Voltage
12:00:22.605,1.395724,1.387526,2.807692,Voltage
12:00:22.615,1.395724,1.400296,2.807692,Voltage
12:00:22.625,1.388060,1.392634,2.807692,Voltage
12:00:22.635,1.393169,1.392634,2.807692,Voltage
12:00:22.645,1.395724,1.395188,2.807692,Voltage
12:00:22.655,1.395724,1.390080,2.807692,Voltage
12:00:22.665,1.400833,1.392634,2.807692,Voltage
12:00:22.675,1.388060,1.390080,2.807692,Voltage
12:00:22.685,1.400833,1.397742,2.807692,Voltage
12:00:22.695,1.395724,1.387526,2.807692,Voltage
12:00:22.705,1.395724,1.397742,2.807692,Voltage
12:00:22.715,1.395724,1.387526,2.807692,Voltage
12:00:22.725,1.393169,1.390080,2.807692,Voltage
12:00:22.735,1.395724,1.400296,2.807692,Voltage
12:00:22.745,1.385506,1.395188,2.807692,Voltage
12:00:22.755,1.393169,1.400296,2.807692,Voltage
12:00:22.765,1.400833,1.387526,2.807692,Voltage
12:00:22.775,1.388060,1.395188,2.807692,Voltage
12:00:22.785,1.390615,1.387526,2.807692,Voltage
12:00:22.795,1.395724,1.400296,2.807692,Voltage
12:00:22.805,1.400833,1.395188,2.807692,Voltage
12:00:22.815,1.388060,1.390080,2.807692,Voltage
12:00:22.825,1.400833,1.400296,2.807692,Voltage
12:00:22.835,1.395724,1.395188,2.807692,Voltage
12:00:22.845,1.388060,1.387526,2.807692,Voltage
12:00:22.855,1.395724,1.395188,2.807692,Voltage
12:00:22.865,1.395724,1.395188,2.807692,Voltage
12:00:22.875,1.395724,1.387526,2.807692,Voltage
12:00:22.885,1.395724,1.395188,2.807692,Voltage
12:00:22.895,1.393169,1.395188,2.807692,Voltage
12:00:22.905,1.400833,1.400296,2.807692,Voltage
12:00:22.915,1.395724,1.387526,2.807692,Voltage
12:00:22.925,1.388060,1.395188,2.807692,Voltage
12:00:22.935,1.393169,1.392634,2.807692,Voltage
12:00:22.945,1.388060,1.387526,2.807692,Voltage
12:00:22.955,1.398278,1.400296,2.807692,Voltage
12:00:22.965,1.395724,1.390080,2.807692,Voltage
12:00:22.975,1.400833,1.402850,2.807692,Voltage
12:00:22.985,1.390615,1.395188,2.807692,Voltage
12:00:22.995,1.403387,1.400296,2.807692,Voltage
12:00:23.005,1.390615,1.395188,2.807692,Voltage
12:00:23.015,1.400833,1.395188,2.807692,Voltage
12:00:23.025,1.388060,1.395188,2.807692,Voltage
12:00:23.035,1.400833,1.395188,2.807692,Voltage
12:00:23.045,1.388060,1.395188,2.807692,Voltage
12:00:23.055,1.395724,1.400296,2.807692,Voltage
12:00:23.065,1.395724,1.387526,2.807692,Voltage
12:00:23.075,1.400833,1.392634,2.807692,Voltage
12:00:23.085,1.395724,1.395188,2.807692,Voltage
12:00:23.095,1.395724,1.392634,2.807692,Voltage
12:00:23.105,1.400833,1.392634,2.807692,Voltage
12:00:23.115,1.393169,1.392634,2.807692,Voltage
12:00:23.125,1.395724,1.400296,2.807692,Voltage
12:00:23.135,1.393169,1.392634,2.807692,Voltage
12:00:23.145,1.390615,1.392634,2.807692,Voltage
12:00:23.155,1.390615,1.387526,2.807692,Voltage
12:00:23.165,1.395724,1.400296,2.807692,Voltage
12:00:23.175,1.395724,1.387526,2.807692,Voltage
12:00:23.185,1.400833,1.400296,2.807692,Voltage
12:00:23.195,1.395724,1.387526,2.807692,Voltage
12:00:23.205,1.395724,1.395188,2.807692,Voltage
12:00:23.215,1.398278,1.400296,2.807692,Voltage
12:00:23.225,1.393169,1.395188,2.807692,Voltage
12:00:23.235,1.393169,1.392634,2.807692,Voltage
12:00:23.245,1.400833,1.392634,2.807692,Voltage
12:00:23.255,1.388060,1.392634,2.807692,Voltage
12:00:23.265,1.403387,1.395188,2.807692,Voltage
12:00:23.275,1.388060,1.397742,2.807692,Voltage
12:00:23.285,1.398278,1.392634,2.807692,Voltage
12:00:23.295,1.395724,1.387526,2.807692,Voltage
12:00:23.305,1.395724,1.400296,2.807692,Voltage
12:00:23.315,1.393169,1.390080,2.807692,Voltage
12:00:23.325,1.395724,1.397742,2.807692,Voltage
12:00:23.335,1.395724,1.390080,2.807692,Voltage
12:00:23.345,1.398278,1.397742,2.807692,Voltage
12:00:23.355,1.400833,1.400296,2.807692,Voltage
12:00:23.365,1.395724,1.395188,2.807692,Voltage
12:00:23.375,1.395724,1.395188,2.807692,Voltage
12:00:23.385,1.400833,1.400296,2.807692,Voltage
12:00:23.395,1.395724,1.395188,2.807692,Voltage
12:00:23.405,1.398278,1.395188,2.807692,Voltage
12:00:23.415,1.388060,1.387526,2.807692,Voltage
12:00:23.425,1.403387,1.400296,2.807692,Voltage
12:00:23.435,1.395724,1.390080,2.807692,Voltage
12:00:23.445,1.393169,1.400296,2.807692,Voltage
12:00:23.455,1.403387,1.395188,2.807692,Voltage
12:00:23.465,1.393169,1.395188,2.807692,Voltage
12:00:23.475,1.400833,1.400296,2.807692,Voltage
12:00:23.485,1.395724,1.395188,2.807692,Voltage
12:00:23.495,1.393169,1.395188,2.807692,Voltage
12:00:23.505,1.400833,1.392634,2.807692,Voltage
12:00:23.515,1.390615,1.395188,2.807692,Voltage
12:00:23.525,1.395724,1.397742,2.807692,Voltage
12:00:23.535,1.395724,1.395188,2.807692,Voltage
12:00:23.545,1.388060,1.387526,2.807692,Voltage
12:00:23.555,1.395724,1.395188,2.807692,Voltage
12:00:23.565,1.400833,1.392634,2.807692,Voltage
12:00:23.575,1.395724,1.395188,2.807692,Voltage
12:00:23.585,1.395724,1.392634,2.807692,Voltage
12:00:23.595,1.395724,1.392634,2.807692,Voltage
12:00:23.605,1.390615,1.387526,2.807692,Voltage
12:00:23.615,1.390615,1.392634,2.807692,Voltage
12:00:23.625,1.390615,1.400296,2.807692,Voltage
12:00:23.635,1.395724,1.400296,2.807692,Voltage
12:00:23.645,1.395724,1.395188,2.807692,Voltage
12:00:23.655,1.395724,1.395188,2.807692,Voltage
12:00:23.665,1.395724,1.387526,2.807692,Voltage
12:00:23.675,1.395724,1.392634,2.807692,Voltage
12:00:23.685,1.395724,1.392634,2.807692,Voltage
12:00:23.695,1.390615,1.395188,2.807692,Voltage
12:00:23.705,1.400833,1.400296,2.807692,Voltage
12:00:23.715,1.395724,1.392634,2.807692,Voltage
12:00:23.725,1.388060,1.390080,2.807692,Voltage
12:00:23.735,1.400833,1.402850,2.807692,Voltage
12:00:23.745,1.388060,1.390080,2.807692,Voltage
12:00:23.755,1.395724,1.392634,2.807692,Voltage
12:00:23.765,1.400833,1.397742,2.807692,Voltage
12:00:23.775,1.395724,1.392634,2.807692,Voltage
12:00:23.785,1.395724,1.397742,2.807692,Voltage
12:00:23.795,1.395724,1.395188,2.807692,Voltage
12:00:23.805,1.400833,1.392634,2.807692,Voltage
12:00:23.815,1.395724,1.387526,2.807692,Voltage
12:00:23.825,1.395724,1.387526,2.807692,Voltage
12:00:23.835,1.393169,1.400296,2.807692,Voltage
12:00:23.845,1.400833,1.392634,2.807692,Voltage
12:00:23.855,1.395724,1.395188,2.807692,Voltage
12:00:23.865,1.395724,1.387526,2.807692,Voltage
12:00:23.875,1.390615,1.387526,2.807692,Voltage
12:00:23.885,1.395724,1.392634,2.807692,Voltage
12:00:23.895,1.400833,1.395188,2.807692,Voltage
12:00:23.905,1.395724,1.392634,2.807692,Voltage
12:00:23.915,1.395724,1.387526,2.807692,Voltage
12:00:23.925,1.390615,1.400296,2.807692,Voltage
12:00:23.935,1.403387,1.392634,2.807692,Voltage
12:00:23.945,1.390615,1.392634,2.807692,Voltage
12:00:23.955,1.395724,1.400296,2.807692,Voltage
12:00:23.965,1.388060,1.390080,2.807692,Voltage
12:00:23.975,1.400833,1.400296,2.807692,Voltage
12:00:23.985,1.388060,1.395188,2.807692,Voltage
12:00:23.995,1.393169,1.395188,2.807692,Voltage
12:00:24.005,1.390615,1.387526,2.807692,Voltage
12:00:24.015,1.400833,1.400296,2.807692,Voltage
12:00:24.025,1.390615,1.384972,2.807692,Voltage
12:00:24.035,1.400833,1.392634,2.807692,Voltage
12:00:24.045,1.395724,1.395188,2.807692,Voltage
12:00:24.055,1.393169,1.395188,2.807692,Voltage
12:00:24.065,1.393169,1.387526,2.807692,Voltage
12:00:24.075,1.395724,1.387526,2.807692,Voltage
12:00:24.085,1.388060,1.395188,2.807692,Voltage
12:00:24.095,1.390615,1.392634,2.807692,Voltage
12:00:24.105,1.395724,1.387526,2.807692,Voltage
12:00:24.115,1.393169,1.400296,2.807692,Voltage
12:00:24.125,1.388060,1.387526,2.807692,Voltage
12:00:24.135,1.400833,1.400296,2.807692,Voltage
12:00:24.145,1.398278,1.402850,2.807692,Voltage
12:00:24.155,1.388060,1.395188,2.807692,Voltage
12:00:24.165,1.388060,1.395188,2.807692,Voltage
12:00:24.175,1.393169,1.387526,2.807692,Voltage
12:00:24.185,1.400833,1.395188,2.807692,Voltage
12:00:24.195,1.395724,1.400296,2.807692,Voltage
12:00:24.205,1.395724,1.387526,2.807692,Voltage
12:00:24.215,1.400833,1.390080,2.807692,Voltage
12:00:24.225,1.395724,1.400296,2.807692,Voltage
12:00:24.235,1.395724,1.387526,2.807692,Voltage
12:00:24.245,1.400833,1.392634,2.807692,Voltage
12:00:24.255,1.400833,1.397742,2.807692,Voltage
12:00:24.265,1.388060,1.387526,2.807692,Voltage
12:00:24.275,1.400833,1.402850,2.807692,Voltage
12:00:24.285,1.395724,1.395188,2.807692,Voltage
12:00:24.295,1.388060,1.392634,2.807692,Voltage
12:00:24.305,1.395724,1.387526,2.807692,Voltage
12:00:24.315,1.395724,1.392634,2.807692,Voltage
12:00:24.325,1.395724,1.392634,2.807692,Voltage
12:00:24.335,1.403387,1.395188,2.807692,Voltage
12:00:24.345,1.398278,1.400296,2.807692,Voltage
12:00:24.355,1.395724,1.397742,2.807692,Voltage
12:00:24.365,1.393169,1.400296,2.807692,Voltage
12:00:24.375,1.390615,1.387526,2.807692,Voltage
12:00:24.385,1.388060,1.390080,2.807692,Voltage
12:00:24.395,1.400833,1.387526,2.807692,Voltage
12:00:24.405,1.393169,1.400296,2.807692,Voltage
12:00:24.415,1.395724,1.392634,2.807692,Voltage
12:00:24.425,1.388060,1.400296,2.807692,Voltage
12:00:24.435,1.400833,1.400296,2.807692,Voltage
12:00:24.445,1.403387,1.397742,2.807692,Voltage
12:00:24.455,1.400833,1.400296,2.807692,Voltage
12:00:24.465,1.400833,1.400296,2.807692,Voltage
12:00:24.475,1.403387,1.400296,2.807692,Voltage
12:00:24.485,1.400833,1.397742,2.807692,Voltage
12:00:24.495,1.395724,1.400296,2.807692,Voltage
12:00:24.505,1.400833,1.395188,2.807692,Voltage
12:00:24.515,1.400833,1.387526,2.807692,Voltage
12:00:24.525,1.395724,1.387526,2.807692,Voltage
12:00:24.535,1.390615,1.395188,2.807692,Voltage
12:00:24.545,1.393169,1.397742,2.807692,Voltage
12:00:24.555,1.395724,1.400296,2.807692,Voltage
12:00:24.565,1.400833,1.400296,2.807692,Voltage
12:00:24.575,1.388060,1.387526,2.807692,Voltage
12:00:24.585,1.390615,1.392634,2.807692,Voltage
12:00:24.595,1.388060,1.387526,2.807692,Voltage
12:00:24.605,1.400833,1.392634,2.807692,Voltage
12:00:24.615,1.395724,1.390080,2.807692,Voltage
12:00:24.625,1.395724,1.387526,2.807692,Voltage
12:00:24.635,1.388060,1.387526,2.807692,Voltage
12:00:24.645,1.395724,1.392634,2.807692,Voltage
12:00:24.655,1.395724,1.395188,2.807692,Voltage
12:00:24.665,1.390615,1.390080,2.807692,Voltage
12:00:24.675,1.390615,1.387526,2.807692,Voltage
12:00:24.685,1.395724,1.395188,2.807692,Voltage
12:00:24.695,1.395724,1.400296,2.807692,Voltage
12:00:24.705,1.395724,1.387526,2.807692,Voltage
12:00:24.715,1.395724,1.387526,2.807692,Voltage
12:00:24.725,1.400833,1.402850,2.807692,Voltage
12:00:24.735,1.393169,1.395188,2.807692,Voltage
12:00:24.745,1.400833,1.392634,2.807692,Voltage
12:00:24.755,1.390615,1.387526,2.807692,Voltage
12:00:24.765,1.395724,1.400296,2.807692,Voltage
12:00:24.775,1.395724,1.395188,2.807692,Voltage
12:00:24.785,1.393169,1.387526,2.807692,Voltage
12:00:24.795,1.388060,1.395188,2.807692,Voltage
12:00:24.805,1.388060,1.397742,2.807692,Voltage
12:00:24.815,1.400833,1.392634,2.807692,Voltage
12:00:24.825,1.398278,1.387526,2.807692,Voltage
12:00:24.835,1.395724,1.402850,2.807692,Voltage
12:00:24.845,1.400833,1.392634,2.807692,Voltage
12:00:24.855,1.388060,1.392634,2.807692,Voltage
12:00:24.865,1.390615,1.395188,2.807692,Voltage
12:00:24.875,1.393169,1.400296,2.807692,Voltage
12:00:24.885,1.400833,1.395188,2.807692,Voltage
12:00:24.895,1.388060,1.395188,2.807692,Voltage
12:00:24.905,1.400833,1.395188,2.807692,Voltage
12:00:24.915,1.390615,1.395188,2.807692,Voltage
12:00:24.925,1.395724,1.395188,2.807692,Voltage
12:00:24.935,1.400833,1.392634,2.807692,Voltage
12:00:24.945,1.390615,1.387526,2.807692,Voltage
12:00:24.955,1.390615,1.387526,2.807692,Voltage
12:00:24.965,1.400833,1.397742,2.807692,Voltage
12:00:24.975,1.395724,1.397742,2.807692,Voltage
12:00:24.985,1.388060,1.390080,2.807692,Voltage
12:00:24.995,1.395724,1.395188,2.807692,Voltage
12:00:25.005,1.395724,1.402850,2.807692,Voltage
12:00:25.015,1.395724,1.395188,2.807692,Voltage
12:00:25.025,1.395724,1.395188,2.807692,Voltage
12:00:25.035,1.395724,1.397742,2.807692,Voltage
12:00:25.045,1.390615,1.387526,2.807692,Voltage
12:00:25.055,1.395724,1.395188,2.807692,Voltage
12:00:25.065,1.395724,1.395188,2.807692,Voltage
12:00:25.075,1.393169,1.395188,2.807692,Voltage
12:00:25.085,1.395724,1.395188,2.807692,Voltage
12:00:25.095,1.395724,1.397742,2.807692,Voltage
12:00:25.105,1.400833,1.400296,2.807692,Voltage
12:00:25.115,1.400833,1.395188,2.807692,Voltage
12:00:25.125,1.400833,1.392634,2.807692,Voltage
12:00:25.135,1.400833,1.395188,2.807692,Voltage
12:00:25.145,1.398278,1.395188,2.807692,Voltage
12:00:25.155,1.400833,1.392634,2.807692,Voltage
12:00:25.165,1.395724,1.387526,2.807692,Voltage
12:00:25.175,1.395724,1.400296,2.807692,Voltage
12:00:25.185,1.388060,1.387526,2.807692,Voltage
12:00:25.195,1.395724,1.395188,2.807692,Voltage
12:00:25.205,1.400833,1.397742,2.807692,Voltage
12:00:25.215,1.388060,1.387526,2.807692,Voltage
12:00:25.225,1.400833,1.395188,2.807692,Voltage
12:00:25.235,1.390615,1.395188,2.807692,Voltage
12:00:25.245,1.395724,1.395188,2.807692,Voltage
12:00:25.255,1.388060,1.387526,2.807692,Voltage
12:00:25.265,1.388060,1.395188,2.807692,Voltage
12:00:25.275,1.395724,1.400296,2.807692,Voltage
12:00:25.285,1.393169,1.392634,2.807692,Voltage
12:00:25.295,1.388060,1.387526,2.807692,Voltage
12:00:25.305,1.398278,1.400296,2.807692,Voltage
12:00:25.315,1.393169,1.395188,2.807692,Voltage
12:00:25.325,1.400833,1.400296,2.807692,Voltage
12:00:25.335,1.385506,1.390080,2.807692,Voltage
12:00:25.345,1.400833,1.400296,2.807692,Voltage
12:00:25.355,1.390615,1.387526,2.807692,Voltage
12:00:25.365,1.398278,1.400296,2.807692,Voltage
12:00:25.375,1.388060,1.387526,2.807692,Voltage
12:00:25.385,1.400833,1.400296,2.807692,Voltage
12:00:25.395,1.390615,1.395188,2.807692,Voltage
12:00:25.405,1.388060,1.400296,2.807692,Voltage
12:00:25.415,1.400833,1.395188,2.807692,Voltage
12:00:25.425,1.388060,1.392634,2.807692,Voltage
12:00:25.435,1.395724,1.400296,2.807692,Voltage
12:00:25.445,1.400833,1.392634,2.807692,Voltage
12:00:25.455,1.395724,1.387526,2.807692,Voltage
12:00:25.465,1.390615,1.395188,2.807692,Voltage
12:00:25.475,1.393169,1.392634,2.807692,Voltage
12:00:25.485,1.393169,1.395188,2.807692,Voltage
12:00:25.495,1.388060,1.392634,2.807692,Voltage
12:00:25.505,1.393169,1.392634,2.807692,Voltage
12:00:25.515,1.395724,1.395188,2.807692,Voltage
12:00:25.525,1.400833,1.392634,2.807692,Voltage
12:00:25.535,1.388060,1.395188,2.807692,Voltage
12:00:25.545,1.400833,1.392634,2.807692,Voltage
12:00:25.555,1.390615,1.392634,2.807692,Voltage
12:00:25.565,1.395724,1.387526,2.807692,Voltage
12:00:25.575,1.385506,1.392634,2.807692,Voltage
12:00:25.585,1.393169,1.400296,2.807692,Voltage
12:00:25.595,1.395724,1.387526,2.807692,Voltage
12:00:25.605,1.390615,1.395188,2.807692,Voltage
12:00:25.615,1.393169,1.397742,2.807692,Voltage
12:00:25.625,1.400833,1.395188,2.807692,Voltage
12:00:25.635,1.393169,1.390080,2.807692,Voltage
12:00:25.645,1.388060,1.387526,2.807692,Voltage
12:00:25.655,1.393169,1.400296,2.807692,Voltage
12:00:25.665,1.400833,1.397742,2.807692,Voltage
12:00:25.675,1.398278,1.395188,2.807692,Voltage
12:00:25.685,1.393169,1.395188,2.807692,Voltage
12:00:25.695,1.395724,1.395188,2.807692,Voltage
12:00:25.705,1.395724,1.387526,2.807692,Voltage
12:00:25.715,1.388060,1.395188,2.807692,Voltage
12:00:25.725,1.395724,1.392634,2.807692,Voltage
12:00:25.735,1.400833,1.400296,2.807692,Voltage
12:00:25.745,1.400833,1.400296,2.807692,Voltage
12:00:25.755,1.395724,1.392634,2.807692,Voltage
12:00:25.765,1.388060,1.392634,2.807692,Voltage
12:00:25.775,1.395724,1.400296,2.807692,Voltage
12:00:25.785,1.395724,1.395188,2.807692,Voltage
12:00:25.795,1.388060,1.390080,2.807692,Voltage
12:00:25.805,1.395724,1.395188,2.807692,Voltage
12:00:25.815,1.395724,1.395188,2.807692,Voltage
12:00:25.825,1.395724,1.392634,2.807692,Voltage
12:00:25.835,1.395724,1.395188,2.807692,Voltage
12:00:25.845,1.388060,1.390080,2.807692,Voltage
12:00:25.855,1.388060,1.387526,2.807692,Voltage
12:00:25.865,1.395724,1.395188,2.807692,Voltage
12:00:25.875,1.395724,1.395188,2.807692,Voltage
12:00:25.885,1.388060,1.387526,2.807692,Voltage
12:00:25.895,1.388060,1.395188,2.807692,Voltage
12:00:25.905,1.393169,1.395188,2.807692,Voltage
12:00:25.915,1.400833,1.395188,2.807692,Voltage
12:00:25.925,1.393169,1.390080,2.807692,Voltage
12:00:25.935,1.395724,1.395188,2.807692,Voltage
12:00:25.945,1.400833,1.397742,2.807692,Voltage
12:00:25.955,1.390615,1.387526,2.807692,Voltage
12:00:25.965,1.393169,1.392634,2.807692,Voltage
12:00:25.975,1.400833,1.395188,2.807692,Voltage
12:00:25.985,1.395724,1.390080,2.807692,Voltage
12:00:25.995,1.390615,1.395188,2.807692,Voltage
12:00:26.005,1.395724,1.387526,2.807692,Voltage
12:00:26.015,1.395724,1.397742,2.807692,Voltage
12:00:26.025,1.400833,1.395188,2.807692,Voltage
12:00:26.035,1.388060,1.395188,2.807692,Voltage
12:00:26.045,1.398278,1.400296,2.807692,Voltage
12:00:26.055,1.400833,1.400296,2.807692,Voltage
12:00:26.065,1.388060,1.387526,2.807692,Voltage
12:00:26.075,1.398278,1.400296,2.807692,Voltage
12:00:26.085,1.388060,1.387526,2.807692,Voltage
12:00:26.095,1.400833,1.392634,2.807692,Voltage
12:00:26.105,1.390615,1.392634,2.807692,Voltage
12:00:26.115,1.400833,1.400296,2.807692,Voltage
12:00:26.125,1.395724,1.395188,2.807692,Voltage
12:00:26.135,1.395724,1.392634,2.807692,Voltage
12:00:26.145,1.393169,1.395188,2.807692,Voltage
12:00:26.155,1.395724,1.395188,2.807692,Voltage
12:00:26.165,1.400833,1.400296,2.807692,Voltage
12:00:26.175,1.393169,1.387526,2.807692,Voltage
12:00:26.185,1.395724,1.400296,2.807692,Voltage
12:00:26.195,1.395724,1.392634,2.807692,Voltage
12:00:26.205,1.388060,1.387526,2.807692,Voltage
12:00:26.215,1.395724,1.400296,2.807692,Voltage
12:00:26.225,1.400833,1.395188,2.807692,Voltage
12:00:26.235,1.388060,1.387526,2.807692,Voltage
12:00:26.245,1.400833,1.400296,2.807692,Voltage
12:00:26.255,1.388060,1.400296,2.807692,Voltage
12:00:26.265,1.388060,1.387526,2.807692,Voltage
12:00:26.275,1.395724,1.395188,2.807692,Voltage
12:00:26.285,1.393169,1.395188,2.807692,Voltage
12:00:26.295,1.395724,1.395188,2.807692,Voltage
12:00:26.305,1.395724,1.390080,2.807692,Voltage
12:00:26.315,1.390615,1.400296,2.807692,Voltage
12:00:26.325,1.400833,1.387526,2.807692,Voltage
12:00:26.335,1.395724,1.400296,2.807692,Voltage
12:00:26.345,1.398278,1.392634,2.807692,Voltage
12:00:26.355,1.390615,1.395188,2.807692,Voltage
12:00:26.365,1.395724,1.400296,2.807692,Voltage
12:00:26.375,1.400833,1.392634,2.807692,Voltage
12:00:26.385,1.388060,1.392634,2.807692,Voltage
12:00:26.395,1.395724,1.392634,2.807692,Voltage
12:00:26.405,1.395724,1.387526,2.807692,Voltage
12:00:26.415,1.395724,1.400296,2.807692,Voltage
12:00:26.425,1.400833,1.395188,2.807692,Voltage
12:00:26.435,1.395724,1.400296,2.807692,Voltage
12:00:26.445,1.395724,1.387526,2.807692,Voltage
12:00:26.455,1.400833,1.392634,2.807692,Voltage
12:00:26.465,1.393169,1.387526,2.807692,Voltage
12:00:26.475,1.395724,1.400296,2.807692,Voltage
12:00:26.485,1.400833,1.395188,2.807692,Voltage
12:00:26.495,1.390615,1.392634,2.807692,Voltage
12:00:26.505,1.400833,1.397742,2.807692,Voltage
12:00:26.515,1.388060,1.395188,2.807692,Voltage
12:00:26.525,1.395724,1.392634,2.807692,Voltage
12:00:26.535,1.395724,1.392634,2.807692,Voltage
12:00:26.545,1.390615,1.390080,2.807692,Voltage
12:00:26.555,1.388060,1.395188,2.807692,Voltage
12:00:26.565,1.395724,1.400296,2.807692,Voltage
12:00:26.575,1.393169,1.400296,2.807692,Voltage
12:00:26.585,1.400833,1.392634,2.807692,Voltage
12:00:26.595,1.395724,1.395188,2.807692,Voltage
12:00:26.605,1.390615,1.387526,2.807692,Voltage
12:00:26.615,1.400833,1.392634,2.807692,Voltage
12:00:26.625,1.388060,1.392634,2.807692,Voltage
12:00:26.635,1.400833,1.400296,2.807692,Voltage
12:00:26.645,1.388060,1.387526,2.807692,Voltage
12:00:26.655,1.400833,1.395188,2.807692,Voltage
12:00:26.665,1.390615,1.392634,2.807692,Voltage
12:00:26.675,1.400833,1.395188,2.807692,Voltage
12:00:26.685,1.393169,1.395188,2.807692,Voltage
12:00:26.695,1.400833,1.397742,2.807692,Voltage
12:00:26.705,1.395724,1.392634,2.807692,Voltage
12:00:26.715,1.395724,1.392634,2.807692,Voltage
12:00:26.725,1.395724,1.400296,2.807692,Voltage
12:00:26.735,1.393169,1.397742,2.807692,Voltage
12:00:26.745,1.388060,1.387526,2.807692,Voltage
12:00:26.755,1.395724,1.395188,2.807692,Voltage
12:00:26.765,1.393169,1.400296,2.807692,Voltage
12:00:26.775,1.395724,1.387526,2.807692,Voltage
12:00:26.785,1.390615,1.392634,2.807692,Voltage
12:00:26.795,1.390615,1.395188,2.807692,Voltage
12:00:26.805,1.395724,1.400296,2.807692,Voltage
12:00:26.815,1.400833,1.392634,2.807692,Voltage
12:00:26.825,1.395724,1.387526,2.807692,Voltage
12:00:26.835,1.395724,1.392634,2.807692,Voltage
12:00:26.845,1.400833,1.392634,2.807692,Voltage
12:00:26.855,1.388060,1.387526,2.807692,Voltage
12:00:26.865,1.400833,1.397742,2.807692,Voltage
12:00:26.875,1.400833,1.390080,2.807692,Voltage
12:00:26.885,1.395724,1.400296,2.807692,Voltage
12:00:26.895,1.398278,1.392634,2.807692,Voltage
12:00:26.905,1.395724,1.387526,2.807692,Voltage
12:00:26.915,1.395724,1.400296,2.807692,Voltage
12:00:26.925,1.393169,1.387526,2.807692,Voltage
12:00:26.935,1.393169,1.400296,2.807692,Voltage
12:00:26.945,1.398278,1.392634,2.807692,Voltage
12:00:26.955,1.388060,1.395188,2.807692,Voltage
12:00:26.965,1.400833,1.400296,2.807692,Voltage
12:00:26.975,1.395724,1.390080,2.807692,Voltage
12:00:26.985,1.388060,1.392634,2.807692,Voltage
12:00:26.995,1.395724,1.387526,2.807692,Voltage
12:00:27.005,1.388060,1.392634,2.807692,Voltage
12:00:27.015,1.395724,1.395188,2.807692,Voltage
12:00:27.025,1.395724,1.395188,2.807692,Voltage
12:00:27.035,1.395724,1.397742,2.807692,Voltage
12:00:27.045,1.393169,1.392634,2.807692,Voltage
12:00:27.055,1.403387,1.397742,2.807692,Voltage
12:00:27.065,1.388060,1.390080,2.807692,Voltage
12:00:27.075,1.395724,1.402850,2.807692,Voltage
12:00:27.085,1.393169,1.387526,2.807692,Voltage
12:00:27.095,1.400833,1.395188,2.807692,Voltage
12:00:27.105,1.388060,1.390080,2.807692,Voltage
12:00:27.115,1.395724,1.392634,2.807692,Voltage
12:00:27.125,1.395724,1.400296,2.807692,Voltage
12:00:27.135,1.400833,1.392634,2.807692,Voltage
12:00:27.145,1.395724,1.400296,2.807692,Voltage
12:00:27.155,1.395724,1.387526,2.807692,Voltage
12:00:27.165,1.395724,1.397742,2.807692,Voltage
12:00:27.175,1.395724,1.387526,2.807692,Voltage
12:00:27.185,1.393169,1.402850,2.807692,Voltage
12:00:27.195,1.395724,1.387526,2.807692,Voltage
12:00:27.205,1.395724,1.400296,2.807692,Voltage
12:00:27.215,1.398278,1.392634,2.807692,Voltage
12:00:27.225,1.395724,1.395188,2.807692,Voltage
12:00:27.235,1.395724,1.395188,2.807692,Voltage
12:00:27.245,1.393169,1.392634,2.807692,Voltage
12:00:27.255,1.388060,1.387526,2.807692,Voltage
12:00:27.265,1.395724,1.390080,2.807692,Voltage
12:00:27.275,1.395724,1.400296,2.807692,Voltage
12:00:27.285,1.393169,1.395188,2.807692,Voltage
12:00:27.295,1.400833,1.395188,2.807692,Voltage
12:00:27.305,1.388060,1.387526,2.807692,Voltage
12:00:27.315,1.400833,1.392634,2.807692,Voltage
12:00:27.325,1.388060,1.387526,2.807692,Voltage
12:00:27.335,1.400833,1.392634,2.807692,Voltage
12:00:27.345,1.388060,1.390080,2.807692,Voltage
12:00:27.355,1.400833,1.402850,2.807692,Voltage
12:00:27.365,1.395724,1.392634,2.807692,Voltage
12:00:27.375,1.400833,1.395188,2.807692,Voltage
12:00:27.385,1.395724,1.395188,2.807692,Voltage
12:00:27.395,1.395724,1.395188,2.807692,Voltage
12:00:27.405,1.400833,1.395188,2.807692,Voltage
12:00:27.415,1.390615,1.390080,2.807692,Voltage
12:00:27.425,1.395724,1.392634,2.807692,Voltage
12:00:27.435,1.395724,1.387526,2.807692,Voltage
12:00:27.445,1.393169,1.392634,2.807692,Voltage
12:00:27.455,1.388060,1.387526,2.807692,Voltage
12:00:27.465,1.390615,1.390080,2.807692,Voltage
12:00:27.475,1.395724,1.400296,2.807692,Voltage
12:00:27.485,1.400833,1.392634,2.807692,Voltage
12:00:27.495,1.395724,1.390080,2.807692,Voltage
12:00:27.505,1.395724,1.400296,2.807692,Voltage
12:00:27.515,1.395724,1.395188,2.807692,Voltage
12:00:27.525,1.395724,1.400296,2.807692,Voltage
12:00:27.535,1.395724,1.390080,2.807692,Voltage
12:00:27.545,1.393169,1.392634,2.807692,Voltage
12:00:27.555,1.395724,1.395188,2.807692,Voltage
12:00:27.565,1.395724,1.395188,2.807692,Voltage
12:00:27.575,1.393169,1.395188,2.807692,Voltage
12:00:27.585,1.400833,1.397742,2.807692,Voltage
12:00:27.595,1.395724,1.390080,2.807692,Voltage
12:00:27.605,1.400833,1.397742,2.807692,Voltage
12:00:27.615,1.390615,1.390080,0.000000,Response
12:00:27.625,1.398278,1.392634,0.000000,Response
12:00:27.635,1.398278,1.392634,0.000000,Response
12:00:27.645,1.400833,1.400296,0.000000,Response
12:00:27.655,1.388060,1.387526,0.000000,Response
12:00:27.665,1.400833,1.400296,0.000000,Response
12:00:27.675,1.390615,1.387526,0.000000,Response
12:00:27.685,1.400833,1.402850,0.000000,Response
12:00:27.695,1.395724,1.392634,0.000000,Response
12:00:27.705,1.395724,1.392634,0.000000,Response
12:00:27.715,1.395724,1.395188,0.000000,Response
12:00:27.725,1.395724,1.395188,0.000000,Response
12:00:27.735,1.395724,1.387526,0.000000,Response
12:00:27.745,1.395724,1.400296,0.000000,Response
12:00:27.755,1.393169,1.387526,0.000000,Response
12:00:27.765,1.395724,1.392634,0.000000,Response
12:00:27.775,1.388060,1.387526,0.000000,Response
12:00:27.785,1.395724,1.392634,0.000000,Response
12:00:27.795,1.400833,1.400296,0.000000,Response
12:00:27.805,1.395724,1.392634,0.000000,Response
12:00:27.815,1.395724,1.387526,0.000000,Response
12:00:27.825,1.400833,1.400296,0.000000,Response
12:00:27.835,1.388060,1.387526,0.000000,Response
12:00:27.845,1.400833,1.400296,0.000000,Response
12:00:27.855,1.390615,1.392634,0.000000,Response
12:00:27.865,1.400833,1.400296,0.000000,Response
12:00:27.875,1.398278,1.387526,0.000000,Response
12:00:27.885,1.390615,1.392634,0.000000,Response
12:00:27.895,1.393169,1.392634,0.000000,Response
12:00:27.905,1.400833,1.397742,0.000000,Response
12:00:27.915,1.388060,1.390080,0.000000,Response
12:00:27.925,1.393169,1.395188,0.000000,Response
12:00:27.935,1.393169,1.395188,0.000000,Response
12:00:27.945,1.400833,1.395188,0.000000,Response
12:00:27.955,1.393169,1.387526,0.000000,Response
12:00:27.965,1.388060,1.392634,0.000000,Response
12:00:27.975,1.395724,1.400296,0.000000,Response
12:00:27.985,1.395724,1.390080,0.000000,Response
12:00:27.995,1.395724,1.400296,0.000000,Response
12:00:28.005,1.400833,1.395188,0.000000,Response
12:00:28.015,1.390615,1.400296,0.000000,Response
12:00:28.025,1.388060,1.395188,0.000000,Response
12:00:28.035,1.400833,1.400296,0.000000,Response
12:00:28.045,1.393169,1.395188,0.000000,Response
12:00:28.055,1.393169,1.392634,0.000000,Response
12:00:28.065,1.395724,1.395188,0.000000,Response
12:00:28.075,1.395724,1.395188,0.000000,Response
12:00:28.085,1.395724,1.392634,0.000000,Response
12:00:28.095,1.390615,1.390080,0.000000,Response
12:00:28.105,1.400833,1.400296,0.000000,Response
12:00:28.115,1.395724,1.392634,0.000000,Response
12:00:28.125,1.395724,1.392634,0.000000,Response
12:00:28.135,1.395724,1.392634,0.000000,Response
12:00:28.145,1.388060,1.387526,0.000000,Response
12:00:28.155,1.395724,1.395188,0.000000,Response
12:00:28.165,1.395724,1.402850,0.000000,Response
12:00:28.175,1.388060,1.395188,0.000000,Response
12:00:28.185,1.395724,1.400296,0.000000,Response
12:00:28.195,1.403387,1.400296,0.000000,Response
12:00:28.205,1.395724,1.395188,0.000000,Response
12:00:28.215,1.388060,1.395188,0.000000,Response
12:00:28.225,1.400833,1.392634,0.000000,Response
12:00:28.235,1.395724,1.387526,0.000000,Response
12:00:28.245,1.390615,1.395188,0.000000,Response
12:00:28.255,1.400833,1.400296,0.000000,Response
12:00:28.265,1.395724,1.395188,0.000000,Response
12:00:28.275,1.390615,1.387526,0.000000,Response
12:00:28.285,1.390615,1.395188,0.000000,Response
12:00:28.295,1.400833,1.400296,0.000000,Response
12:00:28.305,1.395724,1.387526,0.000000,Response
12:00:28.315,1.388060,1.395188,0.000000,Response
12:00:28.325,1.400833,1.390080,0.000000,Response
12:00:28.335,1.395724,1.395188,0.000000,Response
12:00:28.345,1.395724,1.392634,0.000000,Response
12:00:28.355,1.395724,1.395188,0.000000,Response
12:00:28.365,1.395724,1.400296,0.000000,Response
12:00:28.375,1.390615,1.387526,0.000000,Response
12:00:28.385,1.395724,1.392634,0.000000,Response
12:00:28.395,1.393169,1.400296,0.000000,Response
12:00:28.405,1.393169,1.392634,0.000000,Response
12:00:28.415,1.393169,1.392634,0.000000,Response
12:00:28.425,1.390615,1.387526,0.000000,Response
12:00:28.435,1.395724,1.400296,0.000000,Response
12:00:28.445,1.395724,1.395188,0.000000,Response
12:00:28.455,1.395724,1.395188,0.000000,Response
12:00:28.465,1.400833,1.400296,0.000000,Response
12:00:28.475,1.390615,1.390080,0.000000,Response
12:00:28.485,1.400833,1.400296,0.000000,Response
12:00:28.495,1.395724,1.390080,0.000000,Response
12:00:28.505,1.393169,1.395188,0.000000,Response
12:00:28.515,1.400833,1.395188,0.000000,Response
12:00:28.525,1.393169,1.392634,0.000000,Response
12:00:28.535,1.388060,1.395188,0.000000,Response
12:00:28.545,1.400833,1.395188,0.000000,Response
12:00:28.555,1.390615,1.402850,0.000000,Response
12:00:28.565,1.400833,1.395188,0.000000,Response
12:00:28.575,1.393169,1.400296,0.000000,Response
12:00:28.585,1.400833,1.392634,0.000000,Response
12:00:28.595,1.395724,1.390080,0.000000,Response
12:00:28.605,1.400833,1.395188,0.000000,Response
12:00:28.615,1.388060,1.395188,0.000000,Response
12:00:28.625,1.395724,1.392634,0.000000,Response
12:00:28.635,1.400833,1.400296,0.000000,Response
12:00:28.645,1.395724,1.387526,0.000000,Response
12:00:28.655,1.393169,1.397742,0.000000,Response
12:00:28.665,1.395724,1.395188,0.000000,Response
12:00:28.675,1.390615,1.392634,0.000000,Response
12:00:28.685,1.393169,1.395188,0.000000,Response
12:00:28.695,1.400833,1.400296,0.000000,Response
12:00:28.705,1.388060,1.390080,0.000000,Response
12:00:28.715,1.400833,1.400296,0.000000,Response
12:00:28.725,1.388060,1.390080,0.000000,Response
12:00:28.735,1.395724,1.400296,0.000000,Response
12:00:28.745,1.398278,1.392634,0.000000,Response
12:00:28.755,1.393169,1.392634,0.000000,Response
12:00:28.765,1.388060,1.397742,0.000000,Response
12:00:28.775,1.393169,1.395188,0.000000,Response
12:00:28.785,1.390615,1.387526,0.000000,Response
12:00:28.795,1.390615,1.390080,0.000000,Response
12:00:28.805,1.388060,1.400296,0.000000,Response
12:00:28.815,1.400833,1.392634,0.000000,Response
12:00:28.825,1.395724,1.390080,0.000000,Response
12:00:28.835,1.388060,1.400296,0.000000,Response
12:00:28.845,1.400833,1.392634,0.000000,Response
12:00:28.855,1.395724,1.395188,0.000000,Response
12:00:28.865,1.390615,1.392634,0.000000,Response
12:00:28.875,1.400833,1.400296,0.000000,Response
12:00:28.885,1.393169,1.387526,0.000000,Response
12:00:28.895,1.388060,1.397742,0.000000,Response
12:00:28.905,1.400833,1.400296,0.000000,Response
12:00:28.915,1.400833,1.395188,0.000000,Response
12:00:28.925,1.395724,1.387526,0.000000,Response
12:00:28.935,1.395724,1.395188,0.000000,Response
12:00:28.945,1.400833,1.400296,0.000000,Response
12:00:28.955,1.388060,1.387526,0.000000,Response
12:00:28.965,1.393169,1.395188,0.000000,Response
12:00:28.975,1.400833,1.400296,0.000000,Response
12:00:28.985,1.390615,1.387526,0.000000,Response
12:00:28.995,1.395724,1.392634,0.000000,Response
12:00:29.005,1.400833,1.392634,0.000000,Response
12:00:29.015,1.388060,1.387526,0.000000,Response
12:00:29.025,1.388060,1.395188,0.000000,Response
12:00:29.035,1.400833,1.392634,0.000000,Response
12:00:29.045,1.393169,1.395188,0.000000,Response
12:00:29.055,1.400833,1.387526,0.000000,Response
12:00:29.065,1.393169,1.395188,0.000000,Response
12:00:29.075,1.403387,1.392634,0.000000,Response
12:00:29.085,1.395724,1.395188,0.000000,Response
12:00:29.095,1.398278,1.397742,0.000000,Response
12:00:29.105,1.390615,1.390080,0.000000,Response
12:00:29.115,1.395724,1.400296,0.000000,Response
12:00:29.125,1.395724,1.387526,0.000000,Response
12:00:29.135,1.400833,1.392634,0.000000,Response
12:00:29.145,1.388060,1.390080,0.000000,Response
12:00:29.155,1.393169,1.395188,0.000000,Response
12:00:29.165,1.395724,1.400296,0.000000,Response
12:00:29.175,1.395724,1.400296,0.000000,Response
12:00:29.185,1.395724,1.387526,0.000000,Response
12:00:29.195,1.395724,1.400296,0.000000,Response
12:00:29.205,1.395724,1.395188,0.000000,Response
12:00:29.215,1.393169,1.400296,0.000000,Response
12:00:29.225,1.400833,1.395188,0.000000,Response
12:00:29.235,1.390615,1.387526,0.000000,Response
12:00:29.245,1.393169,1.400296,0.000000,Response
12:00:29.255,1.395724,1.395188,0.000000,Response
12:00:29.265,1.390615,1.390080,0.000000,Response
12:00:29.275,1.400833,1.402850,0.000000,Response
12:00:29.285,1.393169,1.392634,0.000000,Response
12:00:29.295,1.395724,1.392634,0.000000,Response
12:00:29.305,1.398278,1.400296,0.000000,Response
12:00:29.315,1.395724,1.395188,0.000000,Response
12:00:29.325,1.388060,1.392634,0.000000,Response
12:00:29.335,1.395724,1.392634,0.000000,Response
12:00:29.345,1.400833,1.395188,0.000000,Response
12:00:29.355,1.395724,1.387526,0.000000,Response
12:00:29.365,1.395724,1.387526,0.000000,Response
12:00:29.375,1.395724,1.387526,0.000000,Response
12:00:29.385,1.400833,1.397742,0.000000,Response
12:00:29.395,1.400833,1.395188,0.000000,Response
12:00:29.405,1.390615,1.395188,0.000000,Response
12:00:29.415,1.393169,1.390080,0.000000,Response
12:00:29.425,1.400833,1.390080,0.000000,Response
12:00:29.435,1.393169,1.400296,0.000000,Response
12:00:29.445,1.395724,1.397742,0.000000,Response
12:00:29.455,1.393169,1.397742,0.000000,Response
12:00:29.465,1.388060,1.395188,0.000000,Response
12:00:29.475,1.403387,1.392634,0.000000,Response
12:00:29.485,1.400833,1.392634,0.000000,Response
12:00:29.495,1.400833,1.392634,0.000000,Response
12:00:29.505,1.400833,1.392634,0.000000,Response
12:00:29.515,1.395724,1.402850,0.000000,Response
12:00:29.525,1.393169,1.387526,0.000000,Response
12:00:29.535,1.400833,1.395188,0.000000,Response
12:00:29.545,1.393169,1.397742,0.000000,Response
12:00:29.555,1.395724,1.392634,0.000000,Response
12:00:29.565,1.393169,1.400296,0.000000,Response
12:00:29.575,1.388060,1.395188,0.000000,Response
12:00:29.585,1.390615,1.387526,0.000000,Response
12:00:29.595,1.390615,1.395188,0.000000,Response
12:00:29.605,1.388060,1.387526,0.000000,Response
Means:,
,1.394965,1.394136
